Name,Location
가피사,경기도 양주군 양주읍 광사리 7-7
각성사,서울시 성북구 정릉3동 640-28
각원사,경기도 수원시 송죽동 391-20
감로사,충청북도 옥천군 군북면 환산로 1170
감로사,전라남도 곡성군 고달면 두가리 596
감로사,경기도 안성시 대덕면 건지리 287-2
감로선원,경남 남해군 남해읍 평리 254-1
감마지선원,서울시 노원구 상계4동 152-1
강천사,충남 아산시 염치읍 강청리 산 42-8
강청사,충남 아산시 염치읍 강청리 산 42-8
개명사,충북 옥천군 청성면 화성리 164번지
개운사,경기도 파주시 법원읍 보광로 1999-58 (가야리 323)
건불사,경남 합천군 쌍책면 건태리 738-2
검단정사,경기도 광주시 남종면 이석리 183
견불사,경남 함양군 휴천면 송전리 1104-1번지
견성암,경남 산청군 삼장면 홍계리 상촌 1319번지
경일사,서울시 관악구 남현동 497번지
계태사,경기도 수원시 권선구 탑동 514-11
계태사,강원도 속초시 노학동 627-3번지
고남사,충북 청원군 현도면 우록1리
고남사,충북 청원군 현도면 우록1리 23-1
고령사,충남 천안시 동남구 광덕면 원덕리 산60번지
고암사,충북 제천시 봉양읍 원박리 산 179
공명원,서울시 성북구 보문1가 110번지
공정암,경기도 용인시 모현면 진부리 575-4
관룡사,부산시 북구 구포동 397-4
관명사,경기도 가평군 설악면 가일리 19번지
관불사,충남 천안시 동남구 북면 낙안리 149-7
관불사,부산시 금정구 장전1동 130-19
관불사,충남 천안시 북면 납안리 149-7
관불사,부산시 진구 부암1동 산16-12
관불사,부산시 사상구 모라 산31 주공@ 301동217호
관불사,부산시 금정구 구서1동 471-8
관음경덕사,경북 경주시 산내면 우라2리 석두산
관음사,경상남도 산청군 신등면 신등가회로375번길 25-8
관음사,부산광역시 동래구 중앙대로1267번길 127
관음사,부산시 영도구 청학2동 179-2
관음사,서울시 영등포구 신길2동 165-33 (8/4)
관음사,충남 보령시 청라면 옥계리 산 6
관음사,부산시 해운대구 재송동 1050-21
관음사,부산시 금정구 청룡동 42-8
관음사,부산시 금정구 구서동 175-32
관음사,경남 창원시 마산 합포구 산호동 532-21
관음사,경북 영천시 신령면 화성4동
관음사,강원도 원주시 태장1동 산157-4
관음사,대전시 서구 월평동 259
관음사,대전시 중구 대흥동 5-8
관음사,부산광역시 영도구 청학2동 179
관음사,부산시 동래구 수안동 275-18
관음사,부산시 동래구 사직3동 152-1 금문탕 3층
관음사,서울시 은평구 응암동 731-17 B01
관음사,서울시 용산구 효창동 12-1
관음사,서울시 종로구 숭인동 201-4
관음사,서울시 관악구 봉천7동 1625-28호
관음암,경기도 양주시 마전동 193
관음정사,부산시 사하구 감천2동 5-41
관음정사,경남 마산시 월영동 614-249번지 17/1
관음정사,경북 청도군 풍각면 금곡리 784-1
관음정사,충북 제천시 백운면 모정리 359
관음정사,광주시 광산구 삼도동 578번지 1호
관음정사,부산시 진구 양정1동 418-194
관행스님,전남 영암군 서호명 몽해리 338
광년사,경북 영천시 교촌동 225-3
광덕사,경남 진주시 명석면 외율리 313-3
광덕사,충북 청주시 상당구 용담동 120-1번지
광덕사,강원도 영월군 영월읍 영흥8리 7반 산44
광련암,제주도 북제주군 애월읍 애월리 1598-5
광명사,경상남도 사천시 곤양면 서삼로18-1
광명사,경기도 파주시 연풍리 381-9
광명사,경기도 남양주시 퇴계원면 퇴계원9리 126
광명선원,경남 통영시 광도면 우동리 831
광명선원,경기도 하남시 초이동 5-2
광명선원,서울시 강북구 수유동 475-10
광명정사,부산시 남구 용호1동 422-41
광불사,경남 하동군 악양면 입석리 216
광불사,서울시 은평구 불광2동 123-10
광제사,부산시 서구 천해로 28번길 18
구산사,경기도 파주시 조리읍 757-2
구안사,경기도 양평군 서종면 서후2리 산 239번지
구운사 허주선원,강원도 횡성군 우천면 하대길 308-28
구인정사,부산시 금정구 서3동 76-2 11/1
구지사,전남 사천시 와룡동 43
구지사,경북 고령군 운수면 월산리 80-1
구지사,경북 청도군 각남면 신당리 283-3
구천사,전북 임실군 성수면 오봉리 산 22-1번지
극락사,서울시 광진구 자양3동 553-329
극락사,충북 충주시 연수동 503-14
극락사,경기도 평택시 지산동 684-1
극락사,서울 광진구 중곡3동 28-10호
극락선원,경북 문경시 가은읍 수예리 440-2
극락암,경북 군위군 의흥면 신덕2리 선암산 57번지
극락암,광주시 북구 신안동 388
극락암,서울시 관악구 신림1동 1635-74
극락암,광주시 북구 운암동 153-49
극락암,서울시 금천구 독산3동 888-17
극락정사,대구시 중구 남산2동 573-3
금강불심원,대구시 중구 태평로 1가 25
금강사,충청북도 음성군 금왕읍 생삼로 543-19
금강사,경기도 포천시 영중면 금주4리 산25-1
금강사,충북 충주시 가금면 창동리 209
금강선원,강원도 횡성군 횡성읍 내지리 215
금강선원,경기도 파주시 문산읍 임진리 8-12
금강선원,대구 금강선원
금강소원미륵사,제주도 서귀포시 대정읍 무릉리 2330-7
금강암,전남 순천시 낙안면 상송리 산 1-1
금강암,경남 고성군 하이면 덕호리 484-1
금강암,경남 남해군 창선면 오용리 1280-4
금강해탈선원,서울시 서대문구 홍은동 48-246
금당선원,서울시 강서구 방화동 319-21 E-402호
금룡사,경북 의성군 단밀면 생송1리 1167
금불사,강원도 원주시 지정면 가곡1리 764
금산사,전라남도 곡성군 입면 금산리 산42
금송사,충남 보령시 오천면 삽시도 산 39-1
금수사,경남 거제시 장목면 대금리 48-1
금암사,충남 공주시 장기면 금암리 283-2
금정사,경기도 안성시 금광면 한운리 252
금정선원,경기도 안산시 상록구 월피동 506번지 401호
금황사,부산시 서구 남부민1동 50-480
기도암,울산시 울주군 범서읍 308번지
기원정사,경북 경주시 산내면 월하리 산 126 17/1
기원정사,경기도 포천시 선단동 산 3번지
길상사,전라남도 광양시 옥곡면 월앙길 41
길상사,경북 영천시 금호읍 신월리 산91-23
길상사,경북 영주시 평은면 천본리 91
길상사,경북 봉화군 상운면 가곡리 456
길상사,강원도 삼척시 갈천동 8-10
길상선원,경기도 부천시 소사구 소사본 2동 82-5 우림상가빌 6층
길상선원,대전시 동구 안영동 690-9
남산사,경남 양산시 하북면 용연리 586
남산사,경북 경주시 내남면 용장리 775번지
내원암,강원도 인제군 북면 한계3리 377
내원암,전남 함평군 월야면 외치리 645-2
내원암,경북 예천군 상리면 명봉리 산500번지
내원정사,충북 충주시 엄정면 용산리 198
노적사,경기도 고양시 덕양구 북한동
능엄사,울산시 울주군 온산읍 덕신리 산 83-1
능인선원,서울시 강남구 개포4동 1168-3 대림빌딩 5층
능인암,경기도 오산시 원동 613-5 중앙시티윌 3-6
능인정사,경북 영주시 휴천1동 162-3
능인정사,경기도 남양주시 진접읍 내각리 256-7 동아빌라 7동 204호
다보사,부산광역시 북구 구포3동 1227-14 2층
다인사,서울시 서초구 방배1동 899-4
다인사,경남 창원시 팔용동 193-6 서상상가 202호
다인사,강원도 춘천시 서면 안보리 181-9
달마사,"서울시 동작구 사당로16길 82, 3층"
달마사,제주시 연동 271-24
달마사,부산시 진구 초읍동 54-8
달마사,서울시 동작구 흑석동 산 60-29
달마선원,제주도 제주시 연동 271-24
달마선원,서울 은평구 불광동 274-11
달마정사,충남 논산시 상월면 산성리 106번지
대각사,전북 남원시 금동 415-1
대각사,경북 영주시 장수면 반구2리 38번지
대각사,강원도 원주시 부론면 손곡3리 597-1
대각사,경기도 양평군 서종면 노문리 산36-1
대광사,경북 경주시 동방동 108-3번지 11/1
대광사,경북 고령군 다산면 벌지리 92
대광사,부산시 진구 개금2동 고원@7동 504호
대국사,경기도 고양시 덕양구 관산동 543-8
대국사,경북 청도군 금천면 사전리 산 7번지
대덕사,인천시 부평구 부개1동 259-16 2층
대덕사,부산시 영도구 영선2가 207-1
대덕사,경기도 고양시 덕양구 현천동 297-5
대명사,전남 고흥군 도양읍 용정리 294-9
대명사 포교원,전남 보성군 벌교읍 지동리 284-2
대명정사,제주시 연동 272-21
대복정사,충북 진천군 이월면 동성리 466
대비사,충청북도 단양군 적성면 상학1길 232
대비사,충청북도 단양군 적성면 상학1길 233
대성사,경상북도 성주군 월항면 용각길 253-62
대성사,충남 논산시 연무읍 금곡2동 70
대성사,경기도 평택시 고덕면 두릉1리 156
대성사,"경기도 파주시,읍 파주리 522-1"
대승사,충남 연기군 소정면 운당리 266-2
대양사,경북 포항시 북구 흥해읍 매산리 588-48
대운사,울산광역시 동구 옥류로 67
대원사,강원도 영월군 주천면 금마리 1156
대원사,전남 광양시 옥곡면 신금리 525-9
대원사,충남 계룡시 엄사면 엄사리 122-2
대원사,충남 아산시 배방면 세교 2구 221-7 (대원사)
대원사,경기도 수원시 장안구 파장동 208-16
대원사,경기도 동두천시 상패동 3-14
대원사,서울시 서초구 방배2동 2633번지
대원암,부산광역시 금정구 청룡동 42-8
대원암,경기도 평택시 청북면 한산1리 708번지
대원암,울산시 울주군 온양읍 내광리 62-1
대원정사,경북 영천시 신녕면 화남2리 1247
대원정사,제주도 서귀포시 성산읍 시흥리 864-1
대원정사,전남 곡성군 오곡면 구성리 519
대원청사,경북 영천시 신녕면 화남2리 1247번지
대자암,충남 공주시 계룡면 중장리 52
대자원,부산시 부산진구 부전1동 261-11
덕산사,서울 관악구 신림9동 251-362
덕산사,제주도 제주시 오등동 1375-2
덕산정사,경북 예천군 풍양면 낙상리 3-4
덕선사,강원도 양구군 양구읍 상3리
덕수사,전남 무안군 삼향읍 지산리 616-9
덕암사,경북 군위군 효령면 마시2리 419번지
덕운사(창건주),경북 경산시 백천1동 271번지
덕원사,경기도 고양시 덕양구 대자동 351-6
덕원사,경기도 안성시 금광면 오산리 390번지
덕은사,울산광역시 울주군 언양읍 다개리 36번지
덕인사,부산시 사상구 감전1동 122-54
덕천사,전북 남원시 주생면 영천리 137번지 67-19
덕천사,전북 남원시 용정동 28번지
덕혜암,경기도 가평군 설악면 묵안2리 407번지
도광사,부산광역시 남구 문현3동 311-7
도광사,부산시 사상구 덕포2동 362-3
도림사,경북 상주시 서곡동 334-2
도림사,부산시 진구 초읍동 102-11(171-16)
도명사,울산광역시 울주군 언양읍 반천리 981
도불암(경덕거사),경남 진해시 태백동 12-63
도성사,경기도 부천시 오정구 고강동 419-12
도솔사,서울시 노원구 상계4동 111-4 302호
도솔암,전남 해남군 송지면 마봉리 달마산
도솔암,경남 마산시 합포구 진전면 일암리 산 142-1
도솔암,부산시 서구 동대신동 2가 48번지
도솔정사,"경남 사천시,읍 사주리 24-17"
도안사,대전시 동구 가양2동 147-2
도암사,부산시 기장군 정관면 월평리 246
도연사,경기도 화성시 송산면 삼존리 산96번지
도운정사,서울시 동대문구 장안1동 428-14
도운정사,경기 안양시 만안구 안양5동 709-17
도운정사,경북 안동시 서후면 이개2동 220번지
도운정사,경기도 안양시 만안구 안양5동 709-17
도현사,서울시 서초구 양재2동 280-8
도흥사,충남 보령시 미산면 도흥길 207-30
돈암동 해인사,서울시 성북구 돈암동 83-2
동국사,충남 아산시 신인동 산55-1번지
동담암,경기도 수원시 권선구 오목천동 산 4-1
동덕사,부산시 진구 부전1동 405-22
동선사,강원도 원주시 개운동 산1번지
동연사,제주도 성산읍 시흥리
동원사,광주시 동구 지산동 1-6번지
동천사,경북 영주시 봉현면 오현리 840-1
동해사,대구시 동구 백안동 637번지
동화사,대구시 동구 도학동 35
득산달마선원,경북 구미시 송정동 467-3
록유사,강원도 강릉시 왕산면 대기2리 3반
마니굴(창건주),경남 진주시 수곡면 자매리 244
마니선원,서울시 마포구 아현동 고려 아카데미 1502
마애사,경남 한안군 군북면 하림리 133
마하 기원정사,부산 금정구 중앙대로 2409
마하사,부산시 연제구 연산9동 463-39
만덕정사,경남 밀양시 산내면 봉의리 476-1
만불사,경북 영천시 북안면 고지리 산46
명령사,경기도 화성시 매송면 원평1리 127-4
명령사,경기도 수원시 권선구 매교동 133-28
명심선원,경남 고성군 마암면 삼락리 97
명지암,서울시 노원구 상계동 101-178
명지큰절,부산시 강서구 명지동 1993-4번지
목림선원,울산광역시 남구 무긔1동 1252-4
목림선원,경북 성주군 수륜면 봉양2리 298번지
몽불사,전북 고창군 대산면 대장리 산 100
묘원사,경북 상주시 청리면 청상리 110-2
묘적암,"경기도 안양시 만안구 만안로 77, 3층"
무궁암,경남 창녕군 성산면 정녕리 8
무극선원,광주시 남구 방림2동 81
무금사,경상북도 구미시 고아읍 이례로2길 33
무량사,광주광역시 남구 천변좌로 596-1
무량사,광주시 동구 충장로5가 43
무량사,충북 충주시 살피면 세성리 628
무량사,전남 곡성군 겸면 남양리 327-1
무량사,전남 나주시 송촌동 413
무량사,경남 김해시 장유면 내덕리 233-12
무량사,경남 양산시 원동면 화제리 1117-2
무량사,경북 경주시 남산동 978-2 (무량사)
무량사,광주시 남구 방림2동 81
무량사,광주시 동구 충장로 5가 43
무량사,서울시 노원구 상계4동 161번지
무량사,서울시 관악구 신림1동 419-33
무량암,광주시 북구 두암2동 124
무명암,강원도 영월군 하동면 예밀3리 산 127
무법정사,대구시 동구 도학동 189-1
무사암,경남 마산시 오등동 55-15
무사암,경남 마산시 자산동 325-1
무상사,충청북도 음성군 생극면 차생로310번길 14-4
무상사,경상남도 창녕군 남지읍 성사관동길 82-35
무상사,대구시 동구 신천4동 467-3
무상사,충남 당진시 송악읍 한진2길 35-41
무상사,인천시 남구 주안7동 1432-35호
무수사,충북 진천군 광혜원면 구암리길 401
무아지경정사,경기도 평택시 오성면 숙성3길 40-5
무영사,충남 연기군 서면 월하리2구 산 78-1
무영암,충남 연기군 남면 수산리 594번지
무유사,광주광역시 동구 지산2동 259-1
무진사,경북 의성군 단북면 이연4리
무차선원,부산광역시 부산진구 전포1동 308-34
무차선원,부산시 해운대구 반송2동 145
묵담사,전남 곡성군 오산면 가곡리 산136
문명암,강원도 영월군 하동면 예밀3리 산 127
문수암,경북 경산시 와촌면 대한리 129-2
문수암,부산시 수영구 광안4동 736-1
미륵사,대구시 동구 진인동 627
미륵자연사,경북 영천시 고경면 삼포리 785
미륵정사,경기도 양주시 광적면 비암리 731-11
미타사,제주시 오등동 1375-2
미타사,광주시 남구 방림2동 81-2번지
미타암,강원도 춘천시 남면 추곡리 33
바라밀선원,경기도 양평군 지평면 지평4리 480-2
반야사,경상남도 창원시 마산합포구 3·15대로 300
반야사,충북 영동군 황관면 백화산 반야사
반야사,경기도 양평군 청운면 용두리 16-1
반야사,경기도 용인시 포곡면 둔전리 158번지 3층
반야사,경기도 수원시 권선구 세류2동 563
반야사,인천시 남구 도화1동 572-5
반야암,부산시 북구 구포3동 1249-12
반야정사,부산시 사상구 감전2동 361-1
방암사,경남 하동군 양보면 운암리 산 52-1
백남사,충남 청양군 장평면 화산리 205-6
백단사,강릉시 포남동
백담사,경기도 양주시 장흥면 울대리 481-1
백련암,경남 김해시 주촌면 덕암리 752-1
백룡사,충청남도 공주시 반포면 봉곡리 12-4
백마사,경남 진주시 미천면 반지리 4번지
백마사,경상남도 산청군 신안면 중촌갈전로 93-34
백봉사,경북 문경시 마성면 신현1리 300번지
백암사,서울시 동작구 사당4동 267-4 2층
백연사,제주도 남제주군 남원읍 태흥리 1180
백운사,충북 음성군 삼성면 양덕리 1009-1
백운사,충북 청주시 상당구 용담동 118-1
백운사,경기도 안산시 단원구 원곡동 829 한일 나동 306호
백운사,광주시 동구 산수동 360-21
백천사,경남 사천시 백천동 112
백호선원,서울 강북구 삼양동(미아2동) 791-82호
백화사,경기도 여주시 강천면 도전리 1165-4
법계사,전라북도 부안군 상서면 용서길 13
법당정사,경기도 양평군 단월면 석산리 65
법룡사,서울시 강남구 청담동 20-4
법룡사,충남 서산시 지곡면 환성헌터울길 22-14
법륜사,경남 사천시 축동면 탑리 820
법륜사,경남 김해시 장유면 대청리 333-3 갑오마을 부영A 406-1104
법륜사,경남 함안군 여항면 주동리 1336
법륜사,부산시 사하구 다대동 산 16-4 7/6
법륜사포교원,경남 양산시 북부동 222-9
법륜정사,경기도 의정부시 가능동 362-80
법성사,경남 창원시 팔용동 193-6 서상상가 202호
법성사,경기도 수원시 권선구 오목천동 산 4-1
법성사,경남 마산시 회원1동 139-17
법성사,경북 포항시 북구 청하면 유계1리 산1011
법성사,경북 포항시 남구 구룡포읍 성동3리 산260번지
법성사,경북 영주시 휴천3동 1197-2 법성사
법성사,충북 청주시 상당구 탑동 151-1
법성사,대전시 동구 홍도동 157-1
법성사,대전시 대덕구 비례동 143-1
법안정사,부산시 진구 부전1동 396-24번지 2층
법연사,충북 단양군 적성면 상1리 1294-1번지
법왕정사,제주도 북제주군 애월읍 애월리 1598-5
법왕정사,경기도 양평군 단월면 석산리 65
법왕정사,서울시 성동구 성수1가 1동 659-6 노벨빌딩5층
법우선사,부산 연제구 연산3동 2022-55 19/4
법전사,경남 의령군 유곡면 칠곡리 561
법정사,서울시 종로구 평창동 536-3
법정사,충남 서천군 서천읍 군사3리 214-1
법정사,서울시 은평구 불광1동 630-29
법주사,충남 금산군 남일면 신천리 546-4
법주사,전남 담양군 대덕면 문학리 옥천골
법주사,전남 목포시 용해동 45-2
법천사,경기도 화성시 팔탄면 기천리 520번지
법천사,대구광역시 동구 신기동 270-2
법천사,강원도 원주시 태장동 산195-2
법천사,경기도 광주시 초을읍 지월2리 397-10
법화원,부산시 해운대구 반송3동 250-788 3층
법흥사,전남 장흥군 안양면 비동리 499
보각사,경남 진주시 미천면 벌당리 347
보경사,서울시 성북구 보문동 1가 212
보광사,대구시 동구 불로동 382-8
보광사,서울시 동작구 상도2동 159-367
보광선원,부산시 금정구 구례1동 86-23
보광수도사,울산시 울주군 청량면 율리 산323-1
보광정사,부산시 금정구 금사동 64-20
보국사,경기도 연천군 전곡읍 전곡6리 10반 576번지
보담사,경남 함안군 가야읍 산서리 320-1
보등포교원,서울시 서초구 잠원동 8-29
보령사,충남 당진군 면천면 사기소리 14-1
보리암,경기도 의정부시 가능3동 581-215
보리정사,대구시 중구 남산동 735-18
보리정사,경기도 부천시 원미구 소사동 46번지
보림사,강원도 홍천군 서석면 청량리 1168
보명사,경기도 고양시 덕양구 통일로1258번길 31
보명사,경기도 고양시 덕양구 원당로 393번길 14
보명사,경기도 파주시 조리읍 대원리 공문그린시티@507동 1401호
보명사,경기도 고양시 일산서구 탄현동 1563-6
보명선원,서울시 서대문구 홍은3동 265-233
보문사,경기 수원시 팔달구 남창동 55-18
보문정사,부산광역시 남구 용호동 720-42
보문정사,강원도 춘천시 아침길 17-1
보문정사,경기도 양평군 양평읍 공흥리 402-8
보성사,대전시 중구 유천동 293-27
보연사,부산시 진구 개금동 633-24
보용포교원,서울 서초구 잠원동 8-29 동원빌딩 203호
보은사,경남 창원시 동읍 무성리 298
보은사,경북 청도군 각북면 삼평2리 676
보은사,경북 고령군 고령읍 2리 248번지
보타사,경남 마산시 진동면 사동리 294-33
보타사,서울시 양천구 목4동 803-27호
보타선원,서울시 강남구 청담동 16-5
보탑사,울산시 남구 선암동 34-1
보현사,대전시 동구 중동 51-17
보현사,충북 음성군 감곡면 상우3리 102번지
보현사,경남 고성군 고성읍 동회리
보현사,경남 진주시 장대로 10번길 10-1
보현사,경북 상주시 모동면 수봉리 620
보현사,경북 문경시 마성면 신현리 394번지
보현사,충남 금산군 군북면 내부2리 225-4
보현사,강원도 평창군 평창읍 주진리 113-2
보현사,경기도 용인시 처인구 고림동 194-1
보현사,경기도 안양시 만안구 석수2동 321-3번지
보현사,광주 남구 양과동 641
보현사,서울시 구로구 구로동 두산@201동 1910호
보현사,서울시 구로4동 738-40
보현사(관음정사),경남 진주시 상봉동 1069-20 상봉서동
보현암,서울시 은평구 불광동 17-694
보흥사,충북 제천시 연박2리 542번지
보흥사,충북 제천시 남천동 1115번지
보흥사,충북 제천시 화산동 714-2
복두암,경북 경주시 건천읍 송선1리 산 174
봉곡사,경남 거제시 동부면 학동리 516-3
봉국사,서울시 동작구 상도4동 214-425
봉국사,충북 충주시 교현1동 472-50
봉국사,강원도 양구군 양구읍 소양웅진길 146-7
봉덕사,전북 정읍시 모촌길 하모동 48-7
봉덕사,대구시 남구 봉덕1동 531-1
봉덕약사암,전북 정읍시 하모동 382-6
봉불사,경남 거창군 남하면 새마1길 101호
봉선사,경기도 여주군 대신면 옥촌1리 84
봉선사,경기도 남양주시 진접읍 부평리 255
봉원사,제주도 북제주군 애월읍 상귀리 264-1
봉원사,충남 공주시 신관동 607-13 3층
봉원사,제주도 제주시 연동 250-4
봉은사,경남 진주시 일반성면 남산리 1151
봉은사,경남 함안군 칠원면 구성리 산89
봉은사,경남 거제시 둔덕면 상둔리 114-1
봉은사,충남 천안시 동남구 동면 죽계리 1구 209-6
봉은사,부산시 수영구 광안3동 산 8-26번지
봉정사,전남 광양시 진월면 월길리 산 174-4
봉주사,인천시 동구 송림동 102-20
봉황사,서울시 은평구 구산동 308-94
봉황사,서울시 성북구 동소문동 7가 15-2
부산수덕사,부산 해운정사 금모선원
부용사,전남 장흥군 용산면 운주리 산 47-2
부용사,전남 해남군 북일면 흥촌리 산39번지
부처님 마을,경남 밀양시 삼문동 546-3
부처님마을,경남 밀양시 무안면 중산리 산 149
부처님마음선원,경기도 안산시 상록구 이동 716-4번지 305호
부학장,서울시 영등포구 대림3동 779-2
불감사포교당,울산시 중구 복산1동 445-3번지
불광사,서울시 용산구 이태원2동 563번지
불광사,대구광역시 북구 산격2동 1477-9
불광사,전북 군산시 서흥남 849-1 9/3
불광사,울산시 울주군 상북면 소호리 690-1
불광사,대구시 북구 칠성동 2가 400-45
불광사,인천시 남동구 간석동94-1 신아빌라 가동 B01호
불교의학연구소 가산선원,경북 청도군 풍각면 흑석리 368번지
불교회관,인천광역시 영정도 중산리 산 18번지
불국사,서울시 구로구 고척2동 167-64 안정하이츠 401호
불국사,경기도 시흥시 대야동 477-6
불국정사,전북 익산시 춘포면 쌍정리 587-5
불림사,경기도 광주시 경안동 79-3 인정빌딩 5층
불림사,대구광역시 북구 산격동 661번지 동광빌딩 4층
불림사수지포교원,경기도 용인시 수지구 풍덕천2동 1148-18
불마사,부산시 사하구 다대동 1548-11 몰운대A 201-1701
불생사,서울시 관악구 봉천6동 166-17
불심선원,서울시 광진구 중곡4동 72-12
불심정사,부산시 금정구 부곡동 296-6 LG빌라트 상가 103-201
불연사,서울시 동대문구 용두2동 119-31
불일암,경남 창녕군 대지면 왕산리 44번지
불임암,부산시 북구 금곡동 주공아파트 104동 104
불현사,전북 정읍시 칠보면 시산리 974
불현사,강원도 홍천군 서면 마곡리 191
불현사,서울시 구로구 고척2동 167-64 안정하이츠빌라 401
비로암,전남 함양군 마천면 구양리 산 26-3
비룡사,경기도 시흥시 범안로 390번길 26-22
비룡사,경기도 시흥시 계수동 250-5
사천왕사,서울시 노원구 상계6동 730-5 일신프라자 4층
삼계사,대구시 달성군 가창면 냉천리 241번지
삼광사,서울시 관악구 봉천9동 632
삼광율원,부산시 금정구 서3동 76-2 11/1
삼광율원,부산시 북구 만덕1동 826-17 12/1 279호
삼밀불원,울산시 울주군 범서읍 두산리 115-2
삼보사,울산시 남구 옥동 647
삼봉사,경기도 가평군 청평면 상천4리 528-5
삼불사,부산시 동대구 명륜1동 533-43
삼불사,경남 거창군 남상면 임불리 1834번지
삼불사,부산시 진구 부전1동 206-12번지
삼정사,전북 부안군 동진면 당상리 69
삼존사,대구시 수성구 만촌동 85-9
삼존사,대구시 수성구 황금동 759-4
삼화율원,서울시 송파구 가락1동 가락@ 59-510호
삼화율원,부산시 해운대구 우동 843 새천년@1103
삼화율원,경남 마산시 해운동 두산2차  APT201동 404호
삼화율원,부산시 남구 대현1동 1755-5번지 2층
삼화율원,경기도 양주시 만송동 은별마을 휴먼시아 602-301
삼화율원,경기도 시흥시 정왕동 1178-2 205호
삼화율원,경기도 고양시 덕양구 북한동 331 (대한불교조계종 노적사)
삼화율원,서울시 송파구 잠실 27 516-502
삼화율원,광주광역시 동구 성촌길 5길 35 (운림동 / 학운동)
삼화율원,경남 창원시 의창구 사림동 12-16
삼화율원,전북 전주시 송천동 신동비사빌@210동 807호
삼화율원,전북 장수군 산서면 오성리 524
삼화율원,경남 함안군 칠원면 구성리 산89
삼화율원,경남 통영시 광도면 죽림리 743번지
삼화율원,경남 진주시 상대1동 519-4
삼화율원,경남 의령군 의령읍 하리 산 840
삼화율원,경남 양산시 물금읍 528
삼화율원,경남 밀양시 내이동 673-13 5/6
삼화율원,경남 마산시 월영동 월영주공@614-546 111/201
삼화율원,경남 김해시 장유면 대청리 313-3 8층
삼화율원,경남 김해시 외동 676-16
삼화율원,경남 고성군 고성읍 교사리 44번지
삼화율원,경남 김해시 불암동 245 12/1
삼화율원,경북 의성군 단촌면 구계리 116
삼화율원,경북 경주시 건천읍 송선1리 산 174
삼화율원,경북 칠곡군 북삼읍 인평2리 564-8
삼화율원,경북 예천군 용문면 선리 521
삼화율원,경북 성주군 선남면 관화리 203
삼화율원,경북 군위군 의흥면 신덕2리 57번지
삼화율원,경북 구미시 선산읍 동부리 113-12번지
삼화율원,경북 경주시 안강읍 안강5리 354-7
삼화율원,충남 홍성군 구항면 오봉리 314-6
삼화율원,충남 부여군 부여읍 쌍북리 산1번지
삼화율원,충북 충주시 봉방동 42-19 3층
삼화율원,충북 충주시 금능동 255-3 금능빌라 나동 201호
삼화율원,충북 청주시 흥덕구 수곡1동 96-12
삼화율원,경기도 이천시 장호원읍 진암리 산 112
삼화율원,경기도 의정부시 가능동 647-5
삼화율원,경기도 오산시 가수동 159
삼화율원,경기도 안양시 만안구 석수2동 321-3
삼화율원,경기도 안산시 일동 563-11 202호
삼화율원,경기도 수원시 팔달구 인계동 163 선경@ 4/1404호
삼화율원,경기도 부천시 오정구 원종1동 231-7번지 3층
삼화율원,경기도 남양주시 조안면 송촌리 1060
삼화율원,경기도 고양시 덕양구 북한동 403-2
삼화율원,경기도 평택시 송탄
삼화율원,경기도 안성시 일죽면 송천리 610 13/4
삼화율원,경기도 남양주시 지금동 397-214
삼화율원,경기도 군포시 산본1동 97-18
삼화율원,대구시 남구 봉덕동 568-17
삼화율원,대구 동구 신암2동 483 강남@ 101-307
삼화율원,광주시 북구 삼각동 772-3
삼화율원,광주시 동구 학동 750-1 삼익@2동909호
삼화율원,대전시 중구 유천 217-25
삼화율원,부산시 진구 개금3동 개금우드빌 115동 2004호
삼화율원,부산시 해운대구 우동 843 새천년@1103
삼화율원,부산시 영도구 남항동 1가 125-9
삼화율원,부산시 동래구 칠산동 95-15
삼화율원,부산시 금정구 청룡동 315 5통6반 로얄팰리스 103-205호
삼화율원,부산시 금정구 부곡동 225-6 17/2
삼화율원,부산시 강서구 지사동 478
삼화율원,부산시 해운대구 좌동 1459-5
삼화율원,부산시 금정구 청룡동 42-8(정수2길 18호)
삼화율원,부산광역시 부산진구 초읍동 54-8
삼화율원,부산 남구 문현1동 78번지 6/8
삼화율원,서울시 은평구 불광동 28-12
삼화율원,서울시 영등포구 양평동 2가 35-11
삼화율원,서울시 노원구 상계6동 주공@1단지 104/1103호
삼화율원,서울시 노원구 상계3동 산 169-1
삼화율원,서울시 노원구 상계3동 101번지 178호
삼화율원,서울시 금천구 독산동 378-237
삼화율원,서울시 관악구 신림동 1638-32 삼모스포렉스 1016
삼화율원,서울시 서대문구 홍은 3동 265-232
삼화율원,서울시 관악구 봉천3동 14-64
삼화율원,서울시 관악구 봉천10동 457-128 12/8
삼화율원,서울 강남구 도곡동 538-1 자오한의원
상락아정,서울시 강남구 청담동 16-5
상불사,경북 경주시 내남면 박달3리 1049번지
상선암,경상남도 하동군 화개면 덕은리 515-2
상운암,경북 봉화군 상운면 가곡리 456
서광사,경기도 안성시 서운면 산 3번지
서암사,경북 경주시 안강읍 양월2리 429번지
서원암,경남 김해시 삼방동 187-2
석가사,충북 옥천군 청성면 도장리 869
석경사,강원도 원주시 행구동 349
석담사,전북 완주군 비봉면 내원리 산 3번지
석련지,경남 진해시 여좌동 116-22
석정사,경기도 가평군 설악면 묵안리 104
석천사,경북 안동시 서후면 이개2동 220번지
석천사,서울시 성북구 장위1동 233-54
석천암,충남 서산시 인지면 산동리 86
석화사,인천시 중구 중산동 산 185-1
선경암,경남 통영시 태평동 637-2
선림사,서울시 종로구 홍지동 76-26
선불사,부산시 영도구 봉래동 5가 170번지
선운사,제주특별자치도 제주시 삼양2동 2119-7
선운사 도솔암,전북 고창군 아산면 삼인리 618
선은사,제주시 삼양2동 2119-7
선학사,경기도 구리시 갈매동 214-7
선혜사,경북 청송군 청송읍 거대리 26번지
선혜사,경남 김해시 삼방동 680-9 2층
선화사,경기도 동두천시 안흥동 92-2
선화정사,충북 충주시 산척면 송강리 290
설운사,충북 괴산군 청천면 휴영리
성각사,광주시 북구 삼각동 772-3
성관사,서울시 노원구 상계3동 169-1
성나사,서울시 성북구 성북동 285
성덕사,경북 경주시 배반동 792
성덕사,광주시 동구 용연동 229번지
성덕암,부산시 서구 남부민2동 182-1
성라사,서울시 성북구 성북동 285
성불사,"대구광역시 서구 국채보상로52길 3, 2층"
성불사,전라북도 전주시 완산구 오목대길 47
성불사,전남 담양읍 백동리 278-3
성불사,경북 문경시 점촌동 54-8
성불사,울산광역시 동구 전하1동 544-48
성불사,충남 금산군 복수면 백암1리 689
성불사,충북 충주시 산척면 송강리 230번지
성불사,경기도 가평군 상면 덕현리 산65번지
성불사,부산시 북구 구포1동 1208-3
성불사,부산시 금정산 성불사
성불사,서울시 구로구 가리봉동 25-4
성불암,충청북도 영동군 심천면 수묵기호로 415-15
성불원토굴,경남 합천군 합천읍 외곡리 산91번지
성용사,경북 경산시 중방동 841-10
성운정사,서울시 동적구 노량진2동 302-135
성원사,경남 양산시 남부동 393-1번지
성전암,경남 밀양시 단장면 범도리 (새마) 1083번지
성주사,충청남도 보령시 성주면 지게골길 101-10
성주사,경북 포항시 남구 구룡포읍 성동리 산 216
성주사,충남 천안시 원성동 1-1
성주암,경기도 수원시 권선구 입북동 796-25 벌터
성주암,서울시 관악구 대학동 198
성진사,"경남 통영시 광도면 우동리 475번지, 476번지"
세심정사,강원도 원주시 원동 197-9 3층
세원암,경남 마산시 진동면 사동리 294-33
세원암,경남 마산시 합포구 예곡동 산42-16
세인트루이스선원,서울시 강남구 신사동 536-17 지하1층
소림사,강원도 원주시 봉산동 산1번지
소망사,경북 안동시 상아동
소원성취사,경기도 성남시 분당구 정자2동 38-2
소원정사,경남 마산시 구암2동 22-8번지
송림사,경남 남해군 이동면 석평리 271-4
송림사,인천시 남구 숭의3동 88-13호
송암사,서울시 종로구 홍지동 51-3
송암사,경북 김천시 아포읍 송천리 1221-1
송원사,경기 안양시 동안구 호계동 998-91
송원사,충남 공주시 유구읍 추계1구 162-7
수덕사,전남 고흥군 도화면 사덕리 산 18-2
수덕사,경남 양산시 다방동 546
수도암,부산시 서구 시약로 61-151
수도암,경남 김해시 내동 1090-10 201호
수도암,부산시 강서구 지사동 134-1
수련사,강원도 원주시 판부면 금대리 947
수림사,경북 경주시 외동읍 문산1리 산2-1
수림사,울산시 중구 다운동 604-11
수림정사,경북 경주시 외동읍 문산1리 산2-1번지
수미정사,경남 남해군 창선면 옥천리 161
수불사,서울시 종로구 평창동 260-13호
수안사,경남 진주시 수곡면 자매리 494
수월사,전북 익산시 용동면 흥왕리 406
수인사,광주광역시 남구 방림동 135-1 2층
수인사,전남 장흥군 유치면 대리 668-15
수정사,전남 담양군 봉산면 유산리 381-2
수정암,경북 구미시 도개면 다곡2리 369번지
수정암,경남 함양군 안의면 상원리 226-1 용추계곡 수정암
승학사,부산시 사상구 학장동 167-2
시왕사,전남 곡성군 고달면 대사리 194-15
시원암,서울시 강서구 화곡동 380-15
신광정사,경남 거제시 둔덕면 시목리 241번지
신묘사,경남 마산시 내서읍 중리 342-9 (4층)
신불사,경북 성주군 가천면 하죽1리 130
신선암,강원도 횡성군 우천면 정금서길 260-14
신언사,대구시 수성구 만촌3동 1067-29
신흥사,전남 광양시 진월면 월길리 산174/4
신흥사,충북 음성군 원남면 구안리 326
신흥사,서울시 서대문구 홍은동 265-232
실상선원,경남 함양군 휴천면 송전리 1104-1
심복사,경기도 안성시 보개면 북가현리 8
심우정사(약사암),경남 함양군 서하면 운곡리 산 193-1
안국사,경상북도 포항시 북구 기계면 남계리 299
애련사,경북 안동시 서후면 자품리 938
약사사,서울시 관악구 봉천본동 899-4
약사사,울산시 울주군 상북면 궁근전리 834
약사사,서울시 노원구 중계동 93-3
약사사,경기도 광주시 중부명 엄미2리 산 366
약사사,전남 진도군 진도읍 죽엽리 11번지
약사사,경북 고령군 성산면 득성리 346-1
약사사,경기도 이천시 장호원읍 풍계4리 54번지11
약사암,경남 합천군 봉산면 압곡리 173번지
약사여래사,경기도 시흥시 신천동 755-11
약사포교원,서울시 강동구 길동 457-4 29/8(502호)
약성사,경남 밀양시 산내면 송백리 1001-24
약수사,부산시 해운대구 반송3동 275-682
약수사,전북 남원군 덕과면 덕촌리 산 183-2
약수사,경남 창녕군 영산면 교리 산38-2
약수암,충북 제천시 두학동 산 72-1
약수암,경기도 수원시 팔달구 남수동 32-2
약수암,충남 아산시 송악면 유곡리 369-4
약수암,인천시 중구 운남동 산 110번지
약수암,부산시 사상구 엄궁동 산 15-1
약천사,전북 무주군 무주읍 대차리 1188-1
약천사,부산시 사하구 다대1동 936-20
약천사,경기도 가평군 가평읍 마장리 62
약천사,전북 무주군 무주읍 대차리 1185-2
약천사,경남 하동군 청암면 평촌리 839
약천사,강원도 인제군 북면 냇강 효자길 308-24
약천사,강원도 동해시 북평동 19번지(11/2)
약천사,서울시 강서구 염창동 277-48
약천사,부산시 동래구 명륜동 105-42
여래사,충남 예산군 신양면 여래미리 28
여래사,전남 여수시 수정동 169-3
여래사,인천시 부평구 부개동 296-10 효정빌딩 5층
여래사,부산시 북구 구포1동 1207-26
여래선원,경기도 일산시 서구 대화동 2203
여래원,경북 청도군 이서면 팔조리 350
여명사,경기도 안산시 상록구 이동 715-10 (아트프라자 301호)
여여사,충북 영동군 용산읍 율리208
여여선원,경북 경주시 산내면 내일리 991-3
여여선원,경기도 안산시 단원구 고잔동 719-7
여여암,경북 영천시 화남면 선천1리 724
여여암,경북 영천시 화남면 선천1리 724
연각사,경북 안동시 풍산읍 막곡1리 289
연길정사,경기도 의정부시 가능동 신촌로
연꽃피는절,충북 청원군 미원면 쌍이리 산1-9
연성암,경북 포항시 북구 흥해읍 매산리 588-45
연암사,서울시 중랑구 망우3동 450-3
연암사,강원도 원주시 행구동 288-7
연지암,경기도 양평군 양평읍 양근1리 250-10
연화사,경기도 수원시 장안구 화서동 9-2
연화사,경남 창녕군 성산면 냉천리 322-2
연화사,경기도 파주시 광탄면 용미리 682-17
연화사,경기도 포천시 영중면 금주4리 산25-1
연화선원,경기도 동두천시 상봉암동 삼성빌라 201호
연화선원,대전시 서구 도마1동 33-4 2층
연흥사,경기도 부천시 소사구 소사본동 185-29
염불암,경북 영주시 평은면 천본1리 91
염불암,충북 충주시 문화동 대림6길 16번지
영선사,부산시 영도구 동삼동 1121 주공@102/1306호
영선사,부산시 영도구 영선동 4가 산 32번지
영웅정사,경기도 양주시 남면 매곡리 62-11
영주사,경북 영주시 봉현면 유전리 738
영지암(구:천룡사),울산시 울주군 웅촌면 곡천리 산 62-3
영축사,경남 밀양시 무안면 중산리 1128-1
영혜사,경기도 안산시 단원구 고잔동 768-3 진성드림프라자708
오방사,부산광역시 수영구 민락동 26-15
오봉사,경상남도 창원시 성산구 장복산길403번길 46
오봉사,울산시 울주군 웅촌면 대복리 556-45
오세암,경기도 이천시 백사면 도립리 546
오현암,경상북도 안동시 풍천면 천년숲동로 10-10
옥련사,"울산광역시 동구 방어진순환도로 580, 2층"
옥룡사,울산시 남구 옥동 646
옥불사,경남 밀양시 산내면 가인2동 529-3
옥산사,부산시 남구 문현3동 183-33
옥성사,부산광역시 동구 좌천4동 891-1
옥성암,경북 의성군 옥산면 입암리 698
옥천사,전남 화순군 도곡면 대곡리 1구 18-1
옴사,대전시 중구 구완동 116번지
용곡사,충남 예산군 예산읍 신례원리 108-1
용국사,충남 예산군 예산읍 주교리 108-1
용담사,경기도 이천시 설성면 장능리 391-4
용두사,경북 영주시 장수면 호문3리 352
용마사,충남 홍성군 금마면 죽림리 1
용문사,경상남도 사천시 사남면 구룡1길 202-28
용문사,충북 괴산군 불정면 추산리 244
용봉사,경남 통영시 광도면 죽림리 743번지
용수사,인천시 서구 석남1동 175-9
용수사(사),경기도 남양주시 진접읍 팔야리 778-14
용수암,경남 밀양시 삼량진읍 행곡리 1803-5
용암사,서울시 은평구 진관내동 북한산 용암사
용연선원,"대전광역시 동구 한밭대로 1194, 2층"
용운사,경북 칠곡군 동명면 득명리 470
용운사,대구광역시 동구 도학동 276-5
용운사,부산시 해운대구 재송1동 1120-21 10/5
용장사,서울시 강서구 화곡3동 1068 24번지
용주사,경남 사천시 사남면 화전리 산 96번지
용주사,대구 달서구 송현2동 140-2
용주암,경기도 가평군 상면 봉수리 177-10
용주암,경기도 포천시 내촌면 신팔리 361번지
용천사,광주시 북구 문흥동 973-2
용천사,전남 담양군 봉산면 기곡리 848-5
용화사,경기도 여주군 대신면 초현2리 148
용화사,울산광역시 울주군 웅촌면 곡천리 산 62-3
용화사,부산시 북구 구포1동 654-12
용화사,경남 창원시 북면 마산리 230-4
용화사,강원도 원주시 호저면 고산리 606번지
용화사,경기도 광명시 광명7동 42-110
용화사,경기도 여주군 대신면 상구1리 산10번지
용화사,경기도 안성시 금광면 한운리 산 62번지
용화선원,부산시 부산진구 개금1동 171-108 2층
우경 큰 스님,경기도 이천시 대월면 대대리 418
우량사,서울시 관악구 신림동 419-33 17/1
우리절,경남 마산시 산호동 58-50
우리절,경남 고성군 하이면 봉원리 380번지
우무사,경북 봉화군 봉화읍 내성1리 607
우인선원,충북 충주시 봉방동 42-19 (3층)
우천사,경남 사천시 사남면 우천리 산201
운산암,울산시 중구 태화동 712-3번지
운악사,경기도 포천시 일동면 기산4리 285-3
운정암,충남 공주시 반포면 학봉리 229
운주사,경기도 고양시 일산서구 탄현동 1574-8 대윤프라자 5층
운주암,전북 정읍시 산내면 능교리
원각사,서울시 성북구 정릉동 보국문호 32길 98번지
원각사,경북 포항시 남구 오천읍 갈평리 38
원각사,경남 의령군 부림면 감암리 15번지
원각사,경북 경주시 황남동 428번지
원각사,부산시 사하구 괴정3동  260~385 3/3
원각정사,부산시 강서구 죽동 52-3
원적사,충북 청주시 흥덕구 봉명1동 203-7
원천정사,전남 담양군 남면 학선리 15
월암사,전남 영암군 군서면 월곡리 619-3
월정사,전북 완주군 비봉면 내월리17 (산 13)
위천사,대구시 달성군 논공읍 위천리 185-37
유학사,충북 충주시 이류면 금곡리 산15-1
유향사,충남 당진구 면천면 죽동리 2구 836-1
유향사,경기도 의왕시 내손2동 682-1
으뜸선원,서울시 구로구 개봉1동 97-3
은적사,경북 포항시 남구 연일읍 택전리 586-2
은천사,서울시 관악구  난곡동 715-38
은해사,경기도 의정부시 장곡로364번길 8-3
은혜사,
의인사,충북 청원군 내수읍 도원리 우창진주@ 202동1204호
인덕사,경기도 부천시 소사구 역곡3동 100-48
인덕사,경기도 부천시 소사구 괴안동 100-48
인수암,서울시 강북구 우이동 산1번지
일각사,부산시 동구 범일동 632-22
일경선원,서울시 관악구 봉천9동 632
일광사,경기도 안성시 죽산면 칠장리 403-2
일룡사,경상북도 봉화군 물야면 생달길 342-26
일월사,경기도 수원시 권선구 교동 163-15
일월정사,울산시 울주군 범선읍 입암리 1080번지 진복마을
일출암,경남 고성군 동해면 내산리 141-4
일흥사,경기도 연천군 전무읍 320-53
자림사,경기도 고양시 덕양구 주교동 609-9 연산빌딩 4층
자비사,경남 거제시 연초면 천곡리 861-1
자비사,강원도 강릉시 주문진읍 주문리 교항 9/1반 218-2
자비사,인천시 강화군 선원면 지산리 168
자비사,서울시 은평구 녹번동 99-15
자비선원,경남 통영시 광도면 우동리 470번지
자비선원,부산 남구 문현4동 908-1
자비정사,"대구광역시 수성구 교학로 66, 4층"
자비정사,부산시 해운대구 중동 786-12
자비정사(미륵정사),경기도 안성시 금광면 옥정리 산 272
자양사,전북 순창군 구림면 자양로 29
자양포교원,서울시 광진구 자양2동 663-19
자운정사,충남 당진시 송악읍 광명리 185-3
자장정사,부산시 북구 구포동 397-40
장원암,경기도 성남시 중원구 여수동 산 302
재원사,대구시 달서구 두류1동 827-15
전등사,강원도 강릉시 강동면 정동진1리 490-2
정각사,전남 나주시 다시면 청정리 583번지
정각사,전북 익산시 삼기면 기산리 810
정각사,경기도 안성시 일죽면 월정리 1414
정각사,서울시 성북구 정릉3동 947-1
정광사,전남 보성군 조성면 대곡리 1013
정덕사,강원도 강릉시 주문진읍 장덕리 919-2
정덕사,강원도 원주시 문막읍 취병리 665-3번지 가동
정법사,경북 포항시 남구 대송면 장동 139
정법사,부산시 동래구 칠산동 266-1
정수사,경기도 광주시 오포읍 양벌3리 173
정수사,대전시 서구 정림동 583
정수사,부산시 연제구 연산9동 10-52
정수사,부산시 사상구 엄궁동 420번지
정암사,"경상북도 경산시 대학로9길 5, 4층"
정정사,"서울시 금천시 독산로 348, 2층"
정토불원,경남 진해시 이동 356
정토사,충남 아산시 모종동 561-10
정토사,경남 밀양시 단장면 고례리 1313
정토사,경기도 용인시 백암면 근창리 655-3
정토사,충남 천안시 다가동 397-10
정토사,대구시 동구 내동 381-1
정토사,서울시 종로구 평창동 523-62
정토선원부처님세상,부산시 북구 화명동 2269-3 화명씨티타워
정혜사,강원도 철원군 철원읍 율이리 652-1
제원사,대구시 달서구 상인2동 1460-38
제일사,경북 포항시 북구 허애읍 매산리 598-1번지
제일사,경북 포항시 북구 청하면 유계리 771번지
조개사,강원도 삼척시 근덕면 장호리 121
조어사,강원도 정선군 임계면 평양마을길 89-29
조주선관,강원도 정선군 북면 구절리 노주산 217
주지정사,전남 목포시 죽교동 269-10
죽림정사,강원도 속초시 조양로 145-5
중생사,경남 남해군 남해읍 평현리 824-3
지리산천왕사,경남 산청군 시천면 중산리 785
지장사,서울시 노원구 상계동 111-120
지장사,인천시 부평구 청천동 산 17-1
지장사,경북 영천시 문외동 159-2 5-1
지장사,경기도 안산시 상록구 수암동 484-7
지장사,인천시 서구 석남동 111-30
지장사,부산시 남구 우암2동
지장사,서울시 성북구 보문동7가 134/12
지장사,서울시 노원구 상계3동 72-117
지장선원,경기도 수원시 장안구 연무동 산260-36호
지장암,경남 창원시 마산합포구 남성동 164 (동서북9길 33)
지장암,경남 마산시 산호동 443-7
지장암,경북 김천시 대항면 향천 3리 1323
지장암,인천시 부평구 창천동 산 17-2
지장암,서울시 관악구 신림1동 1587-28 2층
지해사,전북 익산시 여산면 두여리 607-1
지혜사,경기도 오산시 가장동 산 79-1
진각사,대구시 동구 내동 381-1
진불암,전남 담양군 담양읍 양각리242
참마음선원,경기도 파주시 조리읍 봉일천리 45-6
천경사,경남 밀양시 가곡동 산 58-4 1/14
천광사,충남 공주시 우성면 보흥리 659-1
천굉사,충남 공주시 우성면 보흥리 659-1
천국사,경남 창원시 팔용동 192-8 조광빌딩 3층 천국사
천국사,충북 영동군 심천면 고당리 993-6
천궁선원,경기도 의왕시 학의동 산 115
천궁암(관음사),충북 옥천군 옥천읍 교동1길 19
천도암,경남 김해시 부원동 606-1
천련암,인천시 연수구 연수1동 568-9
천련암,인천시 서구 가좌1동 144-5 수지상가 106호
천룡사,광주시 동구 용연동 229
천룡사,경북 칠곡군 북삼면 숭오리 1193번지
천명암,제주도 제주시 연동 310-32
천명암,제주도 북제주군 조천읍 선흘리 527
천문사,경북 청도군 운문면 신원리 50-1
천문사,충남 공주시 우성면 보흥리 659-1
천복사,전북 완주군 운주면 산북리 843-1
천봉사,경남 김해시 장유면 대청리 313-3
천봉선원,경남 양산시 원동면 내포리 857
천봉선원,대전광역시 중구 유천동 203-27
천부사,경북 경주시 내남면 박달리 1367번지
천불사,경기 수원시 팔달구 남수동 85-9
천불사,경기도 수원시 권선구 당수동 261-2 기와프라자 401호
천불암,경기도 수원시 팔달구 남수동 85번지 9/5
천불정사,경남 양산시 상북면 내석리 1381번지
천성암,부산시 수영구 광안4동 1293-3
천수암,경상남도 밀양시 상남면 오산3길 29
천왕사,경기도 수원시 장안구 장안로118번길
천왕사,제주시 노형동 산20-17
천왕사,강원도 평창군 봉평면 원길리 393-1
천왕사,서울시 서대문구 남가좌1동 295-7
천용사,인천시 계양구 용종동 226-12
천운사,충북 충주시 안림동 산 53-17
천운사,경기도 파주시 교하읍 연다산리 181-4
천운사,인천시 부평구 산곡동 332-10 3층
천운정사,강원도 춘천시 효자2동 129-169
천은사,전남 광양시 옥곡면 신금리 525-9
천주사(암),경북 경주시 건천읍 방내리 산70
천지미륵사,충북 진천군 진천읍 벽암리 9-2
천지암,경기도 수원시 팔달구 신풍동 133-1호
천진사,충남 아산시 온천동 14-49
천축사,강원도 홍천군 남면 양덕원리 산25
청계사,경남 하동군 청암면 상이리 1167번지
청계사,경북 경산시 남천면 원리 58-1
청담사,서울시 강남구 청담동 49-8
청량사,경남 고성군 상리면 척번정리 198-1
청련암,충북 청원군 북이면 호명리 107번지
청룡사,충북 충주시 소태면 오량리 561-1
청룡사,대전시 동구 판암1동 489-2
청룡사,서울시 성동구 성수1가 1동 656-659
청심정사,광주 남구 방림동 355-20
청암사,경기도 의왕시 월암동 140-3 15/1
청용사,서울시 서초구 방배3동 982-2
청용암,대전시 동구 가양2동 394-9
충원사,강원도 춘천시 소양로 1가 26-75
충효사,경북 영천시 자양면 충효리
충효사,울산시 남구 무거동 1254-4
칠보사,부산시 서구 남부민1동 93번지
칠보암,전남 곡성군 겸면 대명리 176-1
칠봉산문수사,충북 단양군 어상천면 방북리 산 21
칠봉암,강원도 원주시 신림면 금창리 산 75-4
칠성사,전라남도 진도군 진도읍 신흥정자로 154-52
칠성사,서울시 구로구 개봉동 97-4
태광대심사,경남 양산시 원동면 용당리 1276-1
태극암,전남 장성군 진원면 진원리 580-2
태기사,강원도 횡성군 청일면 청정로유동6길
통일사,인천시 옹진군 영흥면 내리 1336-1
통천사(대성사),전남 광양시 옥곡면 신금리 525-9
팔봉암,충북 단양군 가곡면 대대리 4-1
한산사,경남 하동군 악양면 입석리 216
해광사,부산시 서구 암남동 2-21
해금정사,충청북도 제천시 용두천로20길 17
해동암,부산광역시 북구 구포2동 397-4
해동암,부산시 북구 구포1동 700-91
해동탑사,경기도 여주군 대신면 송촌2리 187번지
해동탑사(관불사),경기도 광주시 태촌면 영동리 424-4
해룡정사,경북 구미시 선산읍 동부리 113-12
해룡정사,경남 거제시 고현동 81-23번지
해변사,부산시 중구 동광동 5가 9-12
해안사,강원도 양구군 해안면 펀치볼로1316번길 13
해원정사,충청남도 서산시 운산면 원평2길 99
해원정사,광주시 동구 내남동 385
해원정사,서울시 마포구 성산1동 210-6호
해인사,서울시 강남구 삼성동 20/4
해인사,경기도 일산동 604-43
해인사,서울시 성북구 돈암동 83-2
해인사 교육원,서울특별시 강남구 강남대로152길 11
해인선원,"인천광역시 동구 화도진로 73, 2충"
해인선원,강원도 횡성군 공근면 초원리 38
해인선원,서울시 강남구 논현동 2-13
해인정사,경남 통영시 태평동 637-2
해인정사,경기도 시흥시 대야동 453-2 국원빌딩 5층
해적포교원,부산시 북구 화명3동 화명시티타워 803호
해정사,광주시 북구 풍향동 367-1
해탈정사,서울시 중구 명동 2가 25-26
행복선원,서울시 관악구 신림동 1638-32 삼모스포렉스 1016
행복한 절,경남 사천시 용현면 부곡2길 50-12
향수선원,충북 제천시 한수면 탄지리 75-3
향운암,강원도 동해시 발현동 산 118-3
현아사,경기도 부천시 원미구 역곡동 201-5 2층
현정사,경기도 연천군 청산면 궁평리 346
현종사,전라남도 목포시 산정언덕로 17-2
현종암,전남 목포시 죽교동 269-10
형인사,서울시 노원구 상계4동 산 152
혜광사,전북 전주시 완산구 서서학동 101-3
혜광사,"경남 하동군,읍 흥룡리 64-2"
혜담선원,서울시 강서구 화곡동 155-8
혜덕암,서울시 서대문구 세검정로 9
혜명사,전북 전주시 완산구 서서학동 12-2
혜명암,부산시 진구 부암1동 708-12
혜안정사,경기도 용인시 처인구 백옥대로 1383 고려타워 301호
혜인정사,경남 통영시 사등면 지석리 1056-4
호국사,경기도 안성시 죽산면 칠장리 403-2
홍법사,경기도 의정부시 녹양동 37-4
홍은사,부산시 서구 서대신동 3가 31-153
화개사,경남 진주시 미천면 반지리 382번지
화계사,경기도 이천시 사음동 산 26-1
화성사,경기도 안성시 보개면 이전리 80-1
화엄선원,충남 천안시 동남구 오룡동 122-4
화지사,부산시 진구 양정1동 469
화현사,경남 사천시 사남면 화전리 산 96
환희선원(환희암),경기도 양주시 평화로1261번길 28
황금사,경남 김해시 동상동 606
황룡사,"인천광역시 남동구 백범로247번길 12, 301호"
황용사,부산시 강서구 봉민동 741-845
회문사,전북 임실군 덕치면 회문리 19-18
휴심사,경북 경주시 내남면 노곡리 693-1
흥국사,부산시 강서구 지사동 478
흥덕사,강원도 양구군 양구읍 수인리 502
흥룡사,경남 사천시 실안동 106번지
흥룡사,경북 상주시 만산2동 525-1
흥안사,서울시 노원구 상계4동 산 152
희문암,전북 익산시 삼기면 연동리 426
